mag_x,mag_y,mag_z,mag_h,acc_x,acc_y,acc_z,gyro_x,gyro_y,gyro_z,degree
18.375,-7.9375,-39.3125,44.11482,1.6817831,1.4997088,8.691374,-0.06600835,-0.12669346,0.045779984,-94.39892
19.0,-7.9375,-38.8125,43.936478,0.4748085,1.4885517,10.198284,-0.58768725,0.7122514,-0.53232545,-96.55479
18.625,-8.9375,-38.8125,43.967937,0.4428411,1.6114701,9.761879,-0.04045673,0.11604694,-0.08943067,-97.405785
19.8125,-11.6875,-37.5625,44.046272,0.2564573,1.5709411,9.803269,0.011711159,0.017034413,0.12243485,-105.28957
14.875,-10.9375,-39.9375,43.998844,0.19629581,1.5281231,10.2120075,0.27042133,0.29703757,0.134146,-107.56636
15.5625,-7.125,-40.9375,44.371567,-1.0036877,0.71946716,9.144922,-0.3768864,-0.4460887,0.5057092,-109.04408
13.9375,-9.1875,-41.3125,44.55768,-0.59074533,0.26595747,9.773352,-0.78358305,0.30129617,0.59407514,-125.152954
18.5,-15.75,-37.4375,44.63047,-0.1912584,0.9940821,10.928639,0.44821802,-0.37156314,-0.536584,-124.50675
19.0,-15.0625,-37.625,44.760693,2.0111294E-4,-1.322059,11.544678,0.93156946,0.6153682,-0.09368927,-135.36661
20.875,-13.125,-37.4375,44.828537,-0.57830507,0.079018235,8.238783,0.010646508,0.071331605,-0.084107414,-125.01626
20.9375,-11.5,-38.0,44.884617,0.24215913,1.447295,9.3513975,-0.1863139,0.29064968,0.058555797,-104.43169
20.0,-8.5625,-39.5,45.09508,-1.0847936,-0.38602194,11.546421,-0.1884432,0.018099064,0.04045673,-121.47475
21.625,-6.5,-38.9375,45.011326,-1.0914208,-0.64352316,8.677105,-0.26296875,-0.17247343,-0.27148595,-119.82769
20.5,-8.875,-38.9375,44.89036,-0.92195916,0.25318202,9.5088215,-0.30981338,0.19376646,-0.008517207,-115.08559
20.25,-6.0,-39.5,44.79188,-0.20083521,0.1472817,11.572498,0.5003859,-0.1362753,-0.32684782,-105.68376
20.0,-5.4375,-39.875,44.93976,0.3287718,-0.43609905,9.258703,-0.2597748,0.07878416,-0.16182692,-108.76607
18.25,-7.3125,-40.3125,44.85123,0.32089007,0.5578682,9.396035,0.018099064,0.103271134,-0.23422319,-104.16334
17.6875,-7.0625,-40.25,44.52852,0.11217314,-0.76848125,12.5607195,-0.054297194,-0.056426495,0.32684782,-117.757095
15.3125,-6.125,-41.25,44.424664,-0.65986115,-0.38863638,8.881914,-0.22144738,-0.0021293017,0.16182692,-123.09859
11.625,-8.0625,-41.75,44.08182,-0.2399852,0.9685503,9.795569,-0.20867157,-0.27893853,-0.0042586033,-110.15297
10.5625,-7.1875,-41.4375,43.362347,0.7167186,0.11077493,11.046731,0.28532642,-0.48654544,-0.50145054,-117.14658
11.75,-10.625,-39.8125,42.848434,0.3752959,-0.40173745,9.207687,-0.14798647,-0.067073,-0.011711159,-132.69269
12.9375,-10.625,-38.75,42.211754,0.4164283,0.9640876,9.783493,0.34388223,0.32791245,0.26722735,-115.12485
12.0,-7.8125,-38.9375,41.486916,-0.7369449,-0.20535547,10.565296,-0.134146,0.26722735,0.16608553,-132.81314
9.9375,-8.1875,-38.4375,40.536777,0.39426756,0.09553822,7.9303145,-0.34707618,-0.054297194,0.020228365,-123.15622
9.1875,-6.8125,-38.1875,39.863586,0.59255534,0.5961275,10.934607,0.1905725,-0.2597748,-0.28106782,-112.93714
9.375,-4.8125,-37.9375,39.37391,1.0580552,-1.8925973,13.077838,-0.22464132,-0.057491146,0.15650368,-129.0266
9.5625,-7.375,-36.5,38.44583,-0.029400798,0.25069207,6.6640496,-0.20334831,0.05003859,-0.14585717,-122.5294
8.1875,-4.625,-36.6875,37.87345,0.62831515,0.6969521,10.572757,0.3683692,0.1213702,0.071331605,-102.2241
7.5,-5.5625,-36.0625,37.25178,0.11558248,0.64705694,7.2662106,-0.46099383,-0.11285299,0.5717175,-106.25196
9.875,-6.4375,-34.875,36.81335,0.41430226,0.028548462,11.9637785,0.2491283,-0.18524924,-0.17566739,-119.846146
11.875,-6.4375,-33.875,36.468792,0.68978864,-1.4378618,10.55005,0.1905725,0.2491283,-0.18311994,-127.60534
12.4375,-5.4375,-33.5625,36.20358,0.31010658,1.0348027,6.5839205,0.06600835,0.20334831,-0.26935667,-91.07505
13.5625,-6.25,-32.875,36.10775,0.033126175,-0.22306299,11.240547,-0.14266321,0.15756832,0.10220648,-116.80137
12.875,-2.875,-33.375,35.887627,-0.42635944,-1.3566792,11.001749,-0.045779984,0.20441297,0.41095522,-121.14276
12.625,-3.125,-32.75,35.23803,-0.72517496,0.7138456,7.7536893,-0.60259235,-0.09794788,0.08091346,-90.16926
9.4375,-6.25,-33.125,35.005634,0.030061595,-0.23246741,12.318732,-0.023422318,-0.015969763,-0.0031939526,-125.83413
9.9375,-4.5,-32.75,34.519073,-0.115371786,-1.5602725,9.627784,0.49080405,-0.5632003,-0.18311994,-135.46173
9.5,-6.125,-32.5,34.409527,0.01226789,0.30056807,8.703565,-0.402438,0.13521066,0.2725506,-117.645744
7.4375,-9.4375,-31.875,34.06462,-0.6917902,-0.39845264,10.876389,0.1320167,0.027680922,0.1905725,-153.03102
11.375,-7.875,-31.125,34.061295,0.26456887,-2.0428286,10.90873,0.36091664,-0.2597748,0.50996774,-137.88951
13.875,-8.25,-29.75,33.847313,-0.6526977,-1.6621794,8.746814,-0.2991669,0.5025152,-0.201219,-139.93968
14.5,-6.625,-29.6875,33.697006,-0.019124884,-1.3617646,11.28665,0.0606851,0.31726596,-0.16821483,-125.04933
13.4375,-5.3125,-30.4375,33.69318,0.570634,-1.4328723,10.279313,-0.3204599,0.14159857,-0.055361845,-121.755226
11.5625,-3.3125,-31.6875,33.893387,0.416141,-0.36999035,10.718745,-0.033004176,-0.30449015,-0.4290543,-108.93984
11.75,-7.0,-31.375,34.226498,-0.39283103,-1.0038792,10.057218,-0.15650368,-0.40456733,-0.38859755,-133.90637
10.0,-7.6875,-32.1875,34.570694,0.0059663504,0.18134642,9.706534,0.52487284,0.06387905,0.22251202,-125.26426
8.375,-10.875,-31.9375,34.762196,0.331166,-0.23889345,10.48306,-0.07452556,-0.10114183,0.920923,-141.02576
6.6875,-11.5,-32.5,35.11727,0.2887599,-0.55142295,10.507701,0.31300735,-0.10220648,1.058263,-150.09692
4.8125,-10.9375,-33.125,35.21441,0.43397298,0.58565044,9.199174,0.0042586033,-0.0606851,0.6089803,-144.20103
5.125,-12.375,-32.75,35.38317,0.6099756,0.4945559,10.6160345,-0.09688323,-0.22144738,0.4631231,-147.2044
3.8125,-12.375,-33.3125,35.74071,-0.21307437,-0.93994445,11.293086,0.28106782,-0.14266321,-0.18524924,-168.0955
3.3125,-12.375,-33.375,35.74918,0.18583794,-0.80488276,8.691671,-0.02555162,-0.179926,0.55361843,-165.3446
1.4375,-13.625,-33.1875,35.904278,1.0127378,-0.1365078,10.208262,-0.042586032,0.0649437,0.80807,-161.4927
-1.5625,-14.625,-33.0,36.12938,-0.9358264,-0.2446108,9.849641,0.20547761,0.0649437,1.118948,163.13683
-3.8125,-14.875,-32.6875,36.114727,1.1099232,0.32204887,9.490625,0.09262462,0.035133477,1.3989512,-179.95746
-5.875,-13.5625,-33.0,36.158775,0.73954976,1.2096657,9.769961,0.057491146,-0.05003859,0.561071,160.24031
-6.625,-10.0625,-34.1875,36.24817,-0.85127276,-0.45834598,10.911747,-0.1298874,-0.13840461,0.14159857,141.0445
-8.0,-9.625,-34.125,36.347713,0.0014748282,-0.26419538,7.9696746,-0.5089031,0.1256288,0.3939208,143.36656
-8.5,-9.3125,-34.25,36.497055,0.8421078,0.40386352,9.423377,0.033004176,0.1362753,0.59301054,145.2749
-7.5,-7.75,-34.9375,36.56421,-0.8903653,-0.34627816,11.3911705,0.09688323,0.24593434,0.64517844,130.73465
-8.5625,-9.3125,-34.4375,36.687607,0.046227247,0.7566923,8.482953,-0.055361845,0.493998,0.78464764,126.56593
-9.5625,-10.3125,-34.0625,36.851635,-0.049234364,1.1523772,9.996357,0.21293017,-0.07984881,-0.20547761,123.125854
-11.5625,-8.75,-34.1875,37.135414,-0.9190574,-1.0385185,12.689537,0.16608553,-0.033004176,-0.19802506,129.21834
-13.3125,-10.875,-33.3125,37.486145,-0.4812154,-0.4333122,7.4662223,-0.27148595,-0.17779669,-0.26722735,129.52635
-13.25,-11.875,-33.25,37.71128,-0.21348618,-0.4185735,7.2155304,0.20547761,-0.1884432,-0.2991669,134.0353
-15.3125,-11.4375,-32.625,37.811104,0.42582315,2.6338613,10.371231,0.31407198,0.268292,0.39498547,101.79076
-14.8125,-12.0625,-32.75,37.914066,-0.19632454,2.17881,8.156155,-0.16927949,-0.2725506,-0.059620447,101.9414
-12.75,-2.4375,-35.6875,37.975014,-3.0974169,-0.8963125,10.693932,-0.11498229,-0.087301366,-0.47589892,102.449776
-9.875,-4.9375,-36.1875,37.83424,0.39398026,0.3547249,8.344013,-1.6278511,0.35772267,0.033004176,112.50501
-14.3125,0.5625,-34.9375,37.759674,-0.10934798,-0.09053913,13.920559,0.35772267,0.47589892,0.20654227,88.680405
-13.25,-1.6875,-35.1875,37.637352,0.3108344,-0.7089806,11.391573,-0.71544534,-0.69415236,0.50357985,107.573235
-16.5625,-3.75,-33.375,37.446888,-0.2211189,0.3493619,7.45834,-0.20228367,0.17353809,-0.649437,97.17503
-15.6875,-7.625,-33.0625,37.381374,-1.6007633,0.37344757,6.5908446,0.12456415,-0.5887519,0.28639108,104.70991
-16.125,-9.875,-32.5,37.60028,0.84247166,1.420997,9.950752,0.5802347,0.09581858,0.56639427,110.65255
-16.625,-14.9375,-30.5625,37.862724,1.8264023,-0.39628828,11.700617,-0.3374943,-0.38220966,-0.79848814,143.83698
-13.9375,-15.5625,-31.875,38.111164,1.106265,0.503357,8.591027,0.18524924,-0.49506265,-0.7708072,144.35402
-13.9375,-16.0,-31.9375,38.34394,0.2994093,-0.14064498,13.294179,0.14585717,0.43118358,0.21931808,141.03625
-14.3125,-18.1875,-30.875,38.586246,-0.19614258,0.7051498,8.295373,0.054297194,-0.21293017,-0.15330972,135.93472
-17.0625,-15.125,-31.625,38.98763,-2.7257986,-1.9905488,16.774591,0.34601152,-0.40776128,-0.23741713,129.91907
-18.0625,-15.5625,-31.0625,39.157684,-1.1691941,0.72964734,2.7763066,-0.18950784,-0.54190725,0.28426176,109.27322
-20.3125,-7.5625,-32.875,39.377083,-0.042808328,1.8044332,13.95607,0.33855897,-0.25658086,0.35346407,99.16289
-15.0625,-5.25,-36.125,39.48996,-1.1714637,-0.17968005,14.153295,-1.0987197,-0.47483426,0.21825342,107.54857
-12.0625,-5.1875,-37.375,39.614452,-0.34888306,1.7264205,3.5994236,-0.38646826,0.6866998,0.17353809,55.21597
-13.3125,-5.25,-36.9375,39.612675,0.7215262,-0.7185287,13.328004,-0.15543902,0.35772267,-0.0031939526,122.74182
-9.9375,-6.9375,-37.9375,39.826332,-0.50331867,1.1322753,6.434656,-0.04152138,-0.19802506,0.42586035,91.92212
-9.125,-9.3125,-37.9375,40.11536,-0.072458126,1.154532,10.06801,0.036198128,0.3939208,0.02448697,117.71687
-8.5625,-8.9375,-38.6875,40.619183,-0.30120972,-0.5128189,12.637248,0.1884432,0.044715334,-0.033004176,137.88853
-7.0625,-9.3125,-38.6875,40.414406,-0.46246397,-0.42072827,7.6377144,-0.23635249,0.0010646508,-0.105400436,140.51678
-13.75,-10.4375,-36.75,40.602543,0.8330385,-0.39188293,9.643261,-0.23848179,0.13095206,-0.36304593,138.61699
-10.875,-14.125,-36.3125,40.45218,-2.2308118,-1.6153871,11.06555,-0.22464132,-1.0369699,-0.34068826,136.38518
-10.5625,-7.875,-38.0625,40.278233,-0.1706204,0.05393658,9.792352,0.36198127,0.3247185,-0.28106782,124.334206
-10.125,-7.625,-38.0625,40.117455,0.32461545,0.46214798,9.734987,-0.8666258,0.1298874,0.54935986,123.22576
-10.5625,-6.0625,-38.1875,40.082485,0.047280695,-0.26049873,10.909305,-0.17886133,-0.053232543,-0.031939525,123.850716
-11.1875,-7.9375,-37.875,40.282497,-0.8040782,-0.8267562,9.668773,-0.30129617,-0.0010646508,0.1990897,127.67961
-7.5625,-8.125,-38.6875,40.24835,0.7091721,-0.3486724,8.613246,0.22889993,-0.046844635,0.43863615,155.77997
-9.5,-9.375,-37.6875,39.9811,-0.25206155,0.82242745,11.317266,-0.10859439,0.5525538,0.45247662,122.69748
-7.0625,-11.1875,-38.1875,40.414406,-0.19567332,-1.7488877,10.008089,-0.007452556,-0.30129617,0.103271134,156.03838
-11.375,-10.125,-37.75,40.70588,-1.168064,-0.86216164,8.730274,0.08836602,0.2725506,-0.27893853,129.82155
-13.6875,-9.1875,-37.5625,41.020718,0.7903068,0.28639442,8.459002,0.008517207,-0.26296875,0.93902206,127.865746
-12.25,-8.75,-38.25,41.10581,1.1987767,-0.64007545,12.325484,-0.17886133,-0.25658086,0.32365385,141.73831
-13.375,-7.8125,-38.25,41.267277,0.4255167,-1.1122695,9.607519,-0.27574456,-0.02448697,-0.89643604,136.31793
-9.3125,-8.375,-39.625,41.557236,1.3719926,0.14570154,9.012925,-0.37901568,-0.29810223,-0.8336216,157.2271
-6.4375,-10.375,-39.9375,41.762257,1.7045088,-0.7282874,12.30385,-0.035133477,0.493998,-0.28319713,175.97115
-5.8125,-13.5,-39.25,41.911785,0.051714756,-1.9083033,9.267113,0.24167573,0.3981794,-0.06387905,165.18336
-5.25,-16.125,-38.9375,42.470074,-0.44158655,0.120715655,8.161767,0.37901568,-0.036198128,-0.4854808,154.71823
-2.3125,-17.625,-38.5625,42.46239,-0.2738871,0.8378748,11.159834,0.3726278,0.084107414,-0.08091346,167.49905
-2.375,-17.625,-38.625,42.522606,0.020417752,-0.5624842,10.702503,0.24806364,0.43224823,0.13308136,173.31287
-3.5625,-17.5625,-38.6875,42.63632,0.09755893,0.2850345,7.236886,-0.02448697,-0.1948311,-0.45779985,169.25587
-4.9375,-16.6875,-39.0625,42.763657,-0.3829861,0.11030567,12.327074,-0.019163715,0.03832743,0.09049532,159.37935
-7.875,-15.6875,-38.9375,42.711147,-0.670817,-0.21934718,9.81798,-0.09155997,0.08091346,0.53019613,147.56044
-6.4375,-15.3125,-39.125,42.505054,-0.09481996,1.3978882,7.48551,-0.14053391,-0.31513664,0.09688323,138.682
-7.1875,-15.1875,-38.8125,42.293385,0.8303475,-0.7211527,12.760789,0.007452556,0.1927018,0.01277581,165.00694
-6.9375,-15.0,-38.6875,42.069603,-0.23745692,-0.48834056,9.114764,-0.013840461,-0.21612412,-0.30023155,155.00528
-4.125,-13.75,-38.8125,41.38222,-0.12154883,-0.06961381,8.826914,-0.042586032,0.11178834,-0.029810224,161.66061
-5.0,-12.5,-38.875,41.140194,-0.97309935,-0.50207365,12.903291,-0.13308136,0.5738468,0.35452873,150.49887
-7.0625,-11.3125,-38.5625,40.803406,-1.2402155,-0.05690539,7.6055455,-0.1841846,0.0628144,0.14585717,131.32158
-8.0,-14.5625,-37.0625,40.61644,-0.27551517,1.0159748,9.32756,-0.16182692,-0.16395622,0.16927949,139.09496
-8.3125,-12.0625,-37.75,40.492767,-1.8710303,0.0713951,12.512002,0.4375715,-0.19163716,-0.25445154,130.66457
-9.9375,-11.4375,-37.5,40.445274,0.4595814,0.20793162,6.7409997,-0.34068826,0.014905112,0.015969763,144.33365
-10.375,-13.4375,-36.6875,40.424988,0.37816894,0.52466536,11.308839,-0.118176244,-0.14372787,0.010646508,142.01443
-13.9375,-13.125,-35.5,40.333233,-0.94554687,-1.6103017,12.586145,0.34920546,0.07878416,0.21080087,136.36716
-13.0,-16.5,-34.25,40.17851,-0.031546,0.8335174,5.933416,0.08943067,-0.41521382,0.31726596,131.3101
-10.1875,-14.3125,-36.5,40.507812,-0.50700575,0.990826,12.683082,0.48228684,-0.07665486,-0.25658086,134.56647
-9.875,-14.9375,-36.4375,40.599705,0.48350424,-1.0630735,9.090382,-0.25445154,0.33855897,0.030874874,157.48257
-8.0,-15.125,-37.125,40.87825,0.50918925,0.2346222,7.1034813,-0.04045673,-0.15437438,-0.29171434,159.00854
-6.9375,-14.9375,-37.5625,41.01462,-0.86226696,-0.5680962,14.457713,0.009581857,0.16502088,-0.13946927,150.78052
-8.0625,-16.125,-37.0625,41.214664,-0.11096646,-1.0556514,10.731023,0.134146,0.33110642,0.6089803,156.7611
-5.875,-15.5,-37.9375,41.40072,-0.16674179,1.2376586,7.152764,0.2448697,-0.22889993,0.006387905,142.57864
-9.1875,-18.3125,-36.125,41.53039,0.24299233,0.037205894,13.283797,-0.015969763,0.2427404,-0.24593434,154.9137
-10.1875,-15.0,-37.5625,41.71003,-0.216206,-0.29174784,8.64937,0.3119427,-0.6984109,-0.38008034,145.60611
-8.9375,-14.125,-38.3125,41.800026,0.20417751,1.050978,8.540788,-0.3726278,-0.05003859,0.23741713,139.27986
-8.0625,-13.4375,-38.75,41.798717,-0.76100177,-0.32623392,11.186907,-0.1277581,0.29703757,0.17140879,143.71802
-6.6875,-12.1875,-39.75,42.11081,0.14666879,0.4327759,7.5041366,-0.03939208,0.23741713,0.20760691,149.09492
-7.6875,-13.4375,-39.25,42.19273,-0.5210836,1.3635553,9.4674015,-0.15650368,0.1841846,-0.15863298,128.35973
-7.625,-12.75,-39.5,42.20134,0.6995378,-1.5656546,12.605893,0.15969762,-0.15650368,-0.36623988,162.83174
-10.4375,-14.625,-38.3125,42.31642,0.58449167,0.4994592,7.225155,0.01277581,0.12243485,0.14585717,148.43953
-10.9375,-14.875,-38.0625,42.304237,-0.1858954,0.52388006,11.2545395,0.19376646,-0.37475708,-0.26083946,138.55768
-11.125,-12.5625,-38.6875,42.16995,-0.009193734,0.31695402,9.796633,0.17460273,0.0606851,0.33642966,135.36711
-11.3125,-13.5,-38.25,42.110394,-0.7319745,1.9014654,6.7980294,-0.35772267,0.07452556,-0.015969763,101.57142
-14.0,-15.3125,-36.5,41.98479,0.3557305,0.26267266,13.365631,0.15330972,0.06174975,0.10646509,138.23724
-12.125,-14.9375,-37.3125,41.980556,-0.32916442,0.2788383,8.944593,0.21931808,-0.57704073,-0.30023155,135.61789
-10.8125,-15.5,-37.0625,41.602753,-0.47077668,1.2914994,7.8787813,-0.07771951,0.16182692,-0.25232226,125.93817
-10.75,-15.6875,-36.75,41.379013,-0.6251356,-0.12615527,12.077129,0.11072369,0.18311994,0.085172065,141.8122
-7.75,-13.5625,-38.0625,41.14314,-0.9567517,0.7391571,8.7279,0.0,-0.04045673,-0.04897394,131.29956
-9.9375,-13.3125,-37.25,40.786507,-0.7482072,1.660628,9.020241,-0.2597748,0.37901568,0.0606851,116.74757
-9.1875,-10.4375,-38.0,40.464203,-1.0633703,-0.29306942,12.52178,-0.027680922,-0.31833062,-0.043650683,132.40997
-9.4375,-10.0625,-37.875,40.309254,0.1832522,-0.020532673,8.113021,-0.3374943,0.1362753,0.08197811,139.81662
-8.5,-11.75,-37.25,39.973427,0.3831489,0.5331121,11.691289,-0.022357667,-0.09049532,-0.11178834,144.0449
-11.625,-9.9375,-36.625,39.68986,-0.08223604,-1.6644778,11.992049,0.3204599,0.1841846,0.22570598,141.38219
-11.25,-11.6875,-35.9375,39.42923,-0.456852,1.3657101,5.269398,-0.17353809,-0.37901568,0.179926,100.32796
-10.875,-12.625,-35.4375,39.15958,-0.27861804,0.71056074,12.806585,0.1841846,-0.0010646508,-0.15863298,132.4663
-10.5,-12.1875,-35.3125,38.804096,0.19453368,-0.59765023,10.829338,0.11178834,-0.13733996,-0.23315853,145.07109
-7.625,-14.0,-35.125,38.573387,-1.0033333,0.956474,7.295707,-0.118176244,-0.072396256,-0.1905725,127.69544
-10.0625,-12.5625,-34.5,38.06994,0.16994043,0.08136455,12.633877,0.3247185,0.34814084,-0.008517207,142.12389
-7.5,-9.6875,-35.6875,37.731888,-0.37191528,0.2983367,7.8739834,-0.0628144,-0.23528783,0.38433895,132.28902
-8.0625,-10.625,-34.875,37.338455,-0.37978742,1.4707102,8.880793,-0.44502404,0.35772267,0.14159857,116.9407
-8.0,-12.3125,-34.0625,37.092472,-1.2723745,0.7157322,11.509837,0.09794788,-0.22783528,-0.18950784,131.24748
-8.75,-12.4375,-33.5,36.789997,-0.50778145,0.07406703,8.681165,0.09581858,-0.14053391,-0.23422319,138.66966
-7.375,-14.875,-32.25,36.27284,-0.056369085,0.554545,10.27827,-0.120305546,-0.21931808,-0.1213702,150.07219
-8.5,-12.125,-32.75,35.94201,-1.7011473,-0.38004598,11.625104,0.34068826,0.25445154,0.31833062,134.9437
-6.6875,-13.375,-32.4375,35.718407,-0.64008504,1.449488,7.040543,-0.48228684,-0.11604694,0.5259375,125.063126
-7.125,-16.125,-30.5625,35.2824,-0.19742587,1.2942959,10.35883,0.005323254,0.201219,-0.14372787,147.78432
-5.375,-17.4375,-30.0625,35.1669,-0.2745862,-0.8105809,12.501162,0.25658086,-0.23209389,-0.15118042,162.67062
-3.5,-16.4375,-30.4375,34.768993,-0.5862155,-0.6189682,10.098446,0.033004176,0.044715334,-0.41414917,163.92793
-1.4375,-17.25,-29.625,34.311363,-1.207166,-0.4161793,8.408236,-0.28532642,0.119240895,-0.16608553,163.19743
-0.375,-17.1875,-29.125,33.820354,-1.084018,0.31176338,10.690197,0.014905112,0.13095206,-0.23635249,168.54456
-0.4375,-17.9375,-27.875,33.15058,-0.04644751,-1.0803405,9.523406,-0.09368927,0.2533869,0.26190412,178.4332
0.125,-17.125,-27.875,32.715393,0.47935748,-0.2831287,9.6396885,0.13308136,-0.22251202,-0.10752974,-175.18939
1.0,-16.625,-27.5625,32.20376,0.31599632,0.13181517,9.151816,-0.119240895,-0.1277581,-0.24167573,-173.14592
0.5625,-15.75,-27.375,31.58749,-0.1327537,-1.1763479,11.9345875,0.0042586033,-0.026616272,-0.31939524,-179.19496
1.5625,-14.75,-27.4375,31.190067,0.7285173,-0.9921093,8.898166,0.034068827,-0.08091346,0.086236715,-167.87228
0.6875,-13.3125,-27.6875,30.729351,0.17914376,-0.4317895,9.088649,-0.046844635,0.21612412,0.027680922,-175.17609
-1.0,-12.375,-27.9375,30.571957,0.42793003,-0.022160731,10.185902,-0.14692181,0.06813765,0.34920546,-179.20041
-4.125,-11.125,-28.25,30.640556,-0.9914868,-1.114252,11.26334,0.045779984,0.0031939526,0.68563515,154.47942
-5.75,-10.125,-28.8125,31.07633,-0.6596792,-0.9025087,9.244549,0.017034413,-0.14372787,0.9933192,148.73373
-6.0625,-9.0,-29.4375,31.37388,0.186221,-0.366016,9.734862,0.13946927,0.105400436,0.9528625,151.44504
-5.4375,-8.0625,-30.0625,31.59627,-0.07280289,0.16074671,10.32714,-0.021293016,0.1298874,0.12243485,143.35484
-6.125,-7.125,-30.375,31.794998,-0.6615275,0.6080698,9.908116,-0.1256288,0.053232543,-0.7122514,123.00667
-7.625,-7.8125,-30.3125,32.218372,-0.11394484,1.1216643,9.542196,-0.14798647,-0.018099064,-0.09262462,117.91586
-6.4375,-9.5,-30.4375,32.528954,-0.17569609,-0.10348698,10.875154,-0.11498229,-0.39605013,-0.9006946,144.708
-4.6875,-9.6875,-31.1875,32.992126,0.75230604,-0.6549674,10.086571,0.04045673,-0.018099064,-0.98267275,168.61974
-4.5,-11.75,-30.875,33.34034,1.1248438,-0.22246923,8.207831,-0.059620447,0.23848179,-0.4546059,178.7879
-5.8125,-11.3125,-31.0,33.50758,-0.053247046,0.4685357,10.734614,0.30236083,0.085172065,-0.20441297,149.05553
-9.9375,-10.9375,-29.9375,33.386177,-0.6678003,-0.7951814,9.989663,-0.04045673,0.07346091,0.42160174,137.96947
-11.0,-12.4375,-28.8125,33.254345,-0.027983429,0.35675523,7.7707267,-0.0021293017,-0.49080405,0.48015752,135.00302
-6.875,-13.625,-29.375,33.10282,-0.67665887,1.2677585,10.804419,0.25019294,-0.23528783,-0.06387905,139.46901
-6.5,-13.375,-29.3125,32.86888,0.59155935,-0.9198331,12.31994,0.04045673,0.47483426,-0.54190725,161.87381
-4.875,-15.4375,-28.4375,32.722675,-0.10321882,0.5746467,7.1443167,-0.11711159,-0.120305546,-0.52061427,158.04913
-3.9375,-14.0625,-29.3125,32.74875,-0.5298943,-0.26347712,11.840754,0.35559338,0.40776128,-0.03832743,160.37407
-3.625,-16.5,-28.125,32.80863,0.14335522,-1.1166844,10.844068,-0.26190412,0.45992917,0.49932125,170.43234
-4.3125,-16.5,-28.3125,33.052162,-0.20444568,0.599374,6.044928,0.42586035,0.10220648,-0.036198128,158.89108
-5.0625,-17.0625,-28.1875,33.33606,-0.4097724,0.2869786,13.497005,-0.022357667,-0.046844635,0.046844635,160.2357
-3.25,-16.6875,-29.125,33.723892,-0.5635855,-0.79942393,8.984894,0.09794788,-0.23315853,-0.1841846,165.19824
-3.5625,-16.6875,-29.5,34.079525,-0.0626802,0.39149985,6.252199,-0.09262462,0.28000316,-0.4290543,165.40225
-9.4375,-13.75,-29.9375,34.269268,-0.8535329,-1.1927147,14.03234,-0.06387905,-0.015969763,-0.18099064,145.21585
-9.6875,-11.75,-30.875,34.42638,-1.3340684,-0.6150321,8.601772,-0.3683692,-0.7452556,0.69415236,133.90112
-9.75,-13.3125,-30.4375,34.62263,-0.20197485,1.0172006,7.470426,-0.34388223,-0.12456415,0.053232543,130.79945
-13.6875,-13.5625,-28.8125,34.661926,-0.6611923,0.016749837,12.690523,0.28958502,-0.1256288,-0.08943067,131.72363
-10.9375,-16.25,-28.8125,34.840374,-0.48470137,-1.034592,8.271124,-0.13840461,-1.0135477,-0.39179152,147.26842
-9.25,-13.8125,-30.6875,34.900864,-1.7306534,0.5177509,8.339263,0.31087804,0.11072369,-0.39711475,128.3009
-6.5,-13.75,-31.5,34.979458,-1.3181996,-0.5607508,11.645982,-0.3374943,0.32152456,0.41840777,146.64674
-6.75,-14.1875,-31.25,34.97728,-1.0212516,-0.122975774,8.161881,0.0010646508,0.4588645,0.246999,144.14551
-10.1875,-14.75,-30.0625,35.00145,-1.0136093,0.7240832,9.667576,0.08836602,-0.16821483,0.23209389,133.44888
-10.0625,-16.3125,-29.1875,34.917927,0.8654752,-1.6486281,13.865828,0.16076228,-0.65688956,0.30981338,157.34535
-12.25,-14.5625,-29.25,34.895435,-0.69421315,-0.77559686,8.546639,0.12669346,-0.32578316,-0.7601607,139.45312
-14.5625,-12.5625,-28.75,34.589672,1.6434662,0.532662,9.198753,-0.21825342,-0.19589576,0.3162013,139.29427
-15.75,-15.6875,-26.125,34.302708,2.255022,0.36812288,11.880422,-0.21931808,-0.33217105,0.5866226,144.40231
-15.9375,-15.8125,-25.5625,34.021763,0.100728855,0.31993237,9.12821,0.4854808,-0.39072686,-0.1234995,133.58813
-13.0,-15.875,-26.8125,33.762787,-0.025876531,0.23120326,8.14313,-0.05003859,-0.201219,-0.09688323,139.10548
-8.75,-17.4375,-27.625,33.81966,0.9226296,0.26250985,12.2251005,-0.3119427,0.103271134,-0.6579542,158.4504
-6.6875,-17.375,-28.625,34.1468,1.8149198,-0.4931864,10.75325,0.16608553,0.5110324,-0.49612728,174.40466
-5.8125,-18.0,-29.0,34.623478,0.95270073,0.4713896,7.3514347,-0.0606851,0.25871015,-0.3289771,172.7844
-6.75,-17.375,-29.875,35.21319,-0.7230106,0.7693336,11.798453,0.17779669,0.47057566,0.2555162,150.9644
-8.1875,-17.375,-30.4375,35.99121,0.03548207,-0.7205206,10.682142,0.031939525,0.2448697,0.6994756,157.35762
-7.875,-18.5,-30.875,36.844692,-0.14156435,1.0295643,6.42576,0.09475392,-0.10752974,0.19376646,147.47397
-5.75,-18.5,-31.875,37.30051,-0.28749573,0.9131964,11.615603,0.23635249,0.069202304,-0.134146,157.7238
-6.375,-17.9375,-32.5,37.664898,0.6608093,-0.30718568,8.666148,-0.118176244,0.29277897,-0.2991669,168.49416
-4.9375,-18.125,-33.0,37.972286,-0.30696538,0.41672516,7.595174,-0.20973621,-0.24061109,-0.43118358,158.97652
-6.6875,-17.375,-33.125,37.998405,-0.9768439,-0.6408033,12.115513,0.08304276,0.19589576,-0.15543902,153.92381
-7.125,-17.375,-33.125,38.07784,-1.4827005,-0.39002502,9.079722,0.021293016,-0.069202304,0.45779985,146.50824
-7.4375,-18.5,-32.5625,38.18223,-0.2399852,1.0481623,7.443458,0.03939208,-0.09901253,0.03726278,148.45213
-6.75,-20.5625,-31.5,38.218174,-0.55415237,0.39601052,12.390156,0.24061109,-0.059620447,0.11498229,157.37567
-4.9375,-19.625,-32.375,38.179317,-0.11812992,-0.2308585,8.787974,0.4418301,-0.09475392,-0.35452873,165.29237
-3.1875,-20.125,-32.25,38.147587,-0.2090617,0.88303906,7.8718863,-0.16395622,0.09475392,-0.45779985,166.16609
-3.0625,-20.4375,-32.0625,38.145435,-0.811711,-0.15753847,12.273387,0.07559021,0.18950784,-0.3289771,166.06485
-4.125,-17.9375,-33.0,37.78584,-1.4316655,0.3431274,9.255936,0.11391764,0.07452556,-0.084107414,151.4371
-4.875,-17.5,-32.625,37.34175,0.018540697,1.8390725,7.49931,-0.30449015,0.1277581,0.4290543,152.53383
-6.25,-18.9375,-31.0625,36.91301,-0.5634227,1.2118778,12.186209,0.005323254,-0.008517207,0.04152138,154.09114
-2.1875,-18.0,-31.5,36.346046,-0.75222945,-0.8070088,11.254481,0.26190412,-0.35452873,-0.31939524,168.02025
-3.125,-17.6875,-31.125,35.93576,-0.5630396,1.3548404,7.477561,-0.070266955,0.67924726,-0.2597748,155.43324
-3.625,-16.8125,-31.0625,35.50605,-0.011214441,0.37466386,12.23372,0.0031939526,0.09794788,0.13521066,167.02292
-6.6875,-15.75,-31.0,35.40883,-1.4642555,-0.06868486,9.306252,-0.17566739,0.20547761,0.17034413,144.41301
-6.0625,-16.3125,-30.5625,35.169846,-0.87574154,1.6175992,8.407,-0.15224507,-0.34281757,0.22251202,138.58588
-7.3125,-17.9375,-29.375,35.18689,0.52815133,2.363326,11.633033,0.11072369,0.085172065,-0.067073,152.91003
-4.25,-17.625,-30.1875,35.213467,-0.76023567,-0.46497312,10.1449795,0.14905111,-0.44289476,-0.43970078,161.0993
-2.1875,-17.5,-30.5,35.231876,-0.46123815,1.0081409,7.4493284,-0.14266321,0.3641106,-0.37795106,162.97508
-2.3125,-17.4375,-30.1875,34.938507,-0.5929288,-0.4619564,12.808175,-0.14372787,0.38753292,0.010646508,168.67703
-2.75,-18.0,-29.3125,34.507755,-1.2200564,-0.07078218,8.698575,-0.105400436,0.22357668,0.36091664,159.5584
-3.4375,-17.6875,-28.9375,34.088753,-0.99466634,1.9752929,8.372753,0.16395622,-0.036198128,0.3247185,147.6032
-5.125,-18.3125,-27.9375,33.795223,0.29076144,2.0938346,11.653471,0.019163715,-0.11498229,0.11285299,161.28165
-4.375,-17.9375,-27.625,33.227024,-0.36300886,-0.26066154,10.0080595,0.11498229,-0.6121742,-0.39924407,163.92357
-4.4375,-16.6875,-28.4375,33.269436,-0.63590956,1.6452092,8.141444,-0.007452556,0.058555797,-0.19589576,148.48776
-3.75,-14.0,-30.125,33.4302,-0.36831442,0.36850595,11.902678,-0.20015436,0.22464132,0.41947243,160.29303
-3.625,-15.5625,-29.625,33.65966,-1.1590426,0.4214657,9.542656,-0.64517844,0.12669346,-0.10007718,153.33469
-4.375,-17.6875,-29.125,34.354824,0.14554831,1.720933,9.074359,0.3034255,0.052167892,0.11391764,161.87851
-3.25,-20.3125,-28.625,35.249832,0.2388743,0.7954496,11.412316,0.38859755,-0.21612412,-0.11604694,171.74582
-5.5625,-16.6875,-30.75,35.425648,-0.9425493,-0.03490746,9.27597,0.30023155,-0.13840461,-0.5749115,152.77672
-7.125,-18.0,-29.3125,35.12817,0.12782164,1.4349217,9.23798,-0.7431263,-0.046844635,0.63666123,153.15216
-9.5625,-12.9375,-31.1875,35.092457,-0.26635015,0.4884842,11.438347,0.22251202,-0.46951103,-0.10007718,138.4489
-9.25,-8.625,-32.875,35.22384,0.2829276,0.5462323,6.8788095,-0.81871647,-0.27361527,0.41414917,127.10881
-6.5,-10.25,-32.8125,34.98532,-0.07033207,2.0385861,9.272187,-0.81019926,0.04790929,0.084107414,113.79632
-7.0625,-10.6875,-32.4375,34.875393,-1.1140987,-1.4722904,13.514703,0.17566739,0.44395941,0.015969763,145.37263
-6.5,-10.1875,-32.1875,34.38125,-0.24008097,0.37957674,7.223067,-0.47802824,-0.017034413,-0.020228365,138.32008
-4.4375,-18.625,-30.0625,35.641773,-0.18983147,1.5872408,9.716723,0.20015436,0.23102923,0.14053391,159.65802
-4.6875,-19.1875,-29.5,35.50187,-1.4667358,0.18360654,13.631119,-0.6760533,0.0628144,0.29171434,157.4232
-3.0,-18.9375,-28.1875,34.090527,-0.70230556,1.0036014,7.9350452,-0.11711159,-0.008517207,0.32791245,160.33069
-1.0,-18.0625,-27.125,32.60398,-0.0862583,1.4964432,9.602013,0.055361845,-0.19376646,0.006387905,174.80257
-0.5625,-17.625,-26.875,32.14378,0.0618949,2.0786843,11.63288,0.40776128,-0.3854036,-0.41095522,178.09648
-0.5,-16.1875,-27.6875,32.076202,-0.9175347,0.064030536,9.727853,-0.23741713,0.1990897,-0.6153682,169.04713
-0.5625,-17.0,-27.375,32.228977,-0.49567637,1.199543,8.127491,-0.35027012,-0.052167892,0.06387905,170.15733
2.5,-17.375,-27.3125,32.46711,1.1275924,0.45249453,13.239007,-0.07346091,-0.33536503,0.25871015,-163.70087
3.4375,-15.875,-28.125,32.478416,0.45108676,0.653416,8.1792345,-0.37901568,-0.22144738,0.25445154,-159.89397
3.375,-17.25,-27.5,32.63745,0.0096821515,1.9455187,8.974176,0.21505947,0.28532642,-0.1213702,-162.84999
2.0,-16.6875,-28.4375,33.032772,0.08629661,1.0874369,12.458228,0.29597294,-0.8655611,-0.78464764,-171.17644
1.6875,-19.0,-27.4375,33.416523,-1.6565291,-0.94341123,10.133545,-0.53339005,0.38008034,-0.36198127,172.65593
-0.25,-19.6875,-27.125,33.517544,-0.83763546,0.74306446,7.8432136,0.036198128,0.27361527,0.14266321,169.61461
-2.4375,-19.0,-27.3125,33.360367,0.8569901,0.41372764,13.342455,-0.7771951,-0.12882276,0.86130255,177.84787
-3.75,-18.3125,-27.0625,32.89056,-0.0024612392,0.92485136,8.5235405,-0.39924407,-0.30449015,0.52487284,166.18904
-3.6875,-19.375,-25.625,32.336185,0.16831237,1.5163246,9.9285145,0.17353809,-0.071331605,-0.06813765,167.97981
-4.1875,-17.8125,-26.1875,31.946917,-0.78335404,0.49737146,10.845236,-0.39072686,-0.28532642,-0.06600835,159.95079
-5.1875,-17.3125,-25.9375,31.61308,-0.47595772,-0.29887298,8.815221,0.04045673,-0.20867157,0.40669662,160.09692
-6.25,-16.5625,-26.0625,31.506075,0.45459187,0.4968926,8.617938,0.22357668,0.23635249,0.45567057,162.04102
-9.125,-15.5625,-25.4375,31.185308,-1.407963,-0.8457757,13.331154,-0.06387905,0.42160174,0.51635563,145.45811
-8.625,-14.1875,-26.0,30.849243,0.2870169,0.52314264,8.212772,-0.25232226,-0.08836602,0.11391764,148.30547
-7.9375,-14.3125,-26.0,30.722168,0.5047073,0.4756704,9.544992,-0.008517207,-0.12243485,-0.29597294,153.21716
-7.0625,-11.875,-27.8125,31.055267,0.3282642,-1.7660877,11.4475975,-0.28000316,-0.1362753,-0.28958502,158.62988
-7.25,-9.125,-29.375,31.602512,-0.31663796,-1.7116052,8.196386,0.013840461,-0.044715334,0.66860074,150.60301
-7.875,-6.0,-30.0625,31.650743,0.27471069,-1.3104903,10.22713,-0.49186867,0.54723054,1.2360597,144.2018
-6.5,-7.0625,-30.0625,31.557611,-0.9416683,-0.42867702,8.860721,0.17353809,0.045779984,-0.64837235,131.26097
-5.125,-9.3125,-29.375,31.239061,-0.33391452,0.021030668,9.276421,0.1277581,-0.3939208,-0.7186393,146.24937
-3.3125,-10.75,-28.6875,30.814085,0.28240088,-0.4449959,9.57809,0.03832743,-0.09262462,-0.90495324,168.45769
-4.6875,-11.0,-28.0,30.446226,0.4786488,-0.40938935,9.32079,0.29703757,-0.40030873,-1.0390992,165.13316
-3.25,-11.4375,-27.8125,30.247547,-0.30256006,0.5020354,10.553947,-0.30023155,0.1863139,-0.7335444,158.18771
-2.4375,-11.8125,-27.8125,30.315207,-1.1096168,0.49369398,9.675064,0.23528783,0.38859755,-0.6143035,151.76785
-3.6875,-12.3125,-27.25,30.129019,-1.6531676,-0.28802246,10.8883705,-0.13095206,0.25019294,0.32684782,149.23997
-4.3125,-12.375,-26.75,29.787594,-1.8227248,-1.0887201,9.799027,0.08836602,0.59407514,1.3116498,148.78941
-6.375,-16.1875,-24.1875,29.794477,-2.0924366,0.3727389,10.089923,-0.27787387,-0.52380824,-0.15543902,144.02818
-8.75,-14.9375,-24.25,29.795198,0.54106086,2.3914723,10.68854,0.39605013,-0.9816081,0.18950784,140.76419
-8.375,-14.8125,-24.75,30.0352,0.94843906,0.66568387,8.932317,0.37156314,-0.58555794,-0.21718878,156.08563
-6.4375,-17.25,-24.25,30.447765,1.2422172,0.99955046,8.993561,-0.03939208,-0.07878416,0.28319713,168.02411
-6.0,-16.5,-25.625,31.062689,1.0395049,2.0479045,9.377964,0.044715334,0.2597748,-0.028745573,163.47136
-7.9375,-16.4375,-26.25,31.972767,-1.0340366,-0.202741,12.458736,-0.37475708,0.91985834,0.7271565,149.10585
-9.4375,-16.25,-27.0,32.89573,-0.5793489,1.2759275,8.314651,-0.2448697,0.06600835,0.34920546,136.94748
-9.6875,-16.875,-27.8125,33.943314,-0.01855985,1.931527,9.558515,-0.072396256,-0.23528783,0.22357668,138.56404
-10.9375,-18.125,-28.1875,35.251663,-0.3381379,0.6177519,12.529384,0.0649437,-0.29064968,-0.17673203,145.04794
-11.75,-17.375,-30.1875,36.759193,-0.3579906,-0.40598956,9.065549,-0.04790929,0.22038272,0.014905112,145.31317
-12.1875,-17.4375,-31.6875,38.16673,-0.14656344,1.2049825,9.36174,0.15118042,0.07984881,0.22570598,136.30855
-11.0625,-16.4375,-34.3125,39.62219,-1.0135517,0.8393497,11.830306,0.103271134,0.32152456,0.1927018,135.20746
-12.1875,-16.4375,-35.625,41.08366,-0.24803929,0.51959926,8.702263,-0.11604694,-0.2597748,0.046844635,137.31062
-11.625,-20.25,-35.3125,42.3341,0.37794867,2.3217244,8.777575,0.084107414,-0.30129617,-0.057491146,135.95247
-7.625,-17.5,-39.0625,43.47723,0.32757467,0.8068651,10.571636,-0.17673203,-0.6430491,-0.53339005,156.08974
-7.0625,-18.9375,-39.4375,44.315056,0.035970487,0.17249744,9.152287,-0.3726278,-0.056426495,-0.22038272,159.20677
-10.25,-17.625,-40.375,45.231003,-0.039006334,1.0537169,10.652637,0.17034413,0.1969604,0.29597294,142.5371
-11.1875,-21.0625,-38.9375,45.6609,-0.3387987,-0.8729834,13.592161,-0.09368927,0.022357667,0.8570439,152.64737
-10.1875,-20.3125,-40.0625,46.058514,-0.25308627,1.5055698,6.8031816,0.52061427,0.22144738,-0.14159857,134.00208
-11.1875,-18.3125,-40.9375,46.22106,0.4086998,2.7451916,10.028708,-0.058555797,-0.0606851,0.084107414,125.372795
-10.3125,-21.0,-40.25,46.555454,-0.09206185,0.27898195,12.996742,-0.47696358,0.26616272,0.072396256,152.23915
-9.5,-18.875,-41.625,46.681435,-0.3719919,0.64789015,7.8001847,0.09262462,0.13733996,-0.21931808,143.334
-10.625,-17.5625,-42.0625,46.803696,1.2047815,0.8991472,9.665354,0.17247343,-0.07559021,0.44928265,158.46048
-10.0625,-18.375,-41.9375,46.87908,-1.4292521,0.036602553,12.641347,-0.43544218,0.39285615,0.3204599,141.14236
-8.6875,-17.4375,-43.0625,47.264343,-0.55919933,1.2186582,7.62581,-0.09155997,-0.2555162,-0.35133478,131.79477
-4.9375,-16.25,-44.125,47.28062,2.2026655E-4,1.2790784,10.442617,-0.09794788,-0.036198128,-0.5259375,155.3646
0.1875,-16.25,-44.5,47.374546,0.5636429,-0.037531506,10.731951,0.23209389,-0.36517525,-1.2254131,-171.263
4.6875,-14.375,-44.8125,47.29454,0.45926535,-0.82931316,9.34523,-0.24061109,-0.27787387,-1.5022223,-159.34042
5.3125,-10.625,-46.125,47.630127,-0.082580805,0.46974236,8.433374,0.10859439,-0.17566739,-1.5405498,-148.84705
9.9375,-12.5,-44.9375,47.69049,-0.078548975,-0.27367643,10.149873,0.39924407,-0.09262462,-1.2605466,-145.02661
15.125,-12.875,-43.8125,48.104744,1.5057517,-2.2436352,10.985478,-0.2512576,-0.34388223,-0.56426495,-134.84358
15.125,-8.8125,-45.0,48.28484,-0.6033005,-1.9599128,7.7086973,0.06174975,0.28000316,-1.0774267,-149.7745
19.5625,-9.375,-43.375,48.49714,0.5712565,-0.50526273,10.774684,-0.54403657,-0.03939208,-1.2552234,-117.45375
18.875,-7.6875,-44.125,48.60431,0.49080175,-0.49717036,9.544964,0.20867157,-0.11178834,-0.9155997,-115.15449
20.0625,-14.125,-42.0625,48.695724,-2.2960203,-0.88630474,11.352156,-0.11391764,0.02448697,0.36943385,-147.13861
17.6875,-13.25,-43.5625,48.84774,-1.4421904,0.35349908,10.291849,0.29384363,-0.21505947,0.44289476,-135.54729
15.4375,-13.75,-44.5,49.067596,-3.0856757,-0.72674555,11.043074,0.1927018,0.17886133,0.40137336,-170.17172
13.25,-13.6875,-45.4375,49.26943,-0.21796812,0.384911,10.197316,-0.05110324,0.27787387,0.74844956,-134.23868
11.5625,-14.3125,-45.75,49.31127,-0.7419248,2.0372262,9.7055855,0.26190412,-0.0031939526,0.12669346,-119.14168
14.1875,-13.8125,-45.125,49.27815,0.066836536,0.038106114,10.637869,0.5131617,-0.4588645,-0.15011577,-133.33054
12.25,-11.5625,-46.6875,49.633423,0.76239043,0.8265359,8.254728,-0.3076841,-0.1969604,-0.29384363,-113.01333
9.9375,-10.3125,-47.4375,49.552174,0.79056543,1.6333627,8.731338,-0.029810224,0.12669346,-0.1969604,-96.63622
